{
	"pages": [ //pages数组中第一项表示应用启动页，参考：https://uniapp.dcloud.io/collocation/pages
		{
			"path" : "pages/login/login",
			"style" :                                                                                    
			{
				"navigationBarTitleText": "Camps",
				"enablePullDownRefresh": false
			}
	    
		},
		{
			"path": "pages/index/index",
			"style": {
				"navigationBarTitleText": "uni-app"
			}
		}
        ,{
            "path" : "pages/Mainpage/Mainpage",
            "style" :                                                                                    
            {
                "navigationBarTitleText": "主页",
                "enablePullDownRefresh": false
            }
            
        }
        ,{
            "path" : "pages/adventure/adventure",
            "style" :                                                                                    
            {
                "navigationBarTitleText": "活动",
                "enablePullDownRefresh": false
            }
            
        }
        ,{
            "path" : "pages/user/user",
            "style" :                                                                                    
            {
                "navigationBarTitleText": "我",
                "enablePullDownRefresh": false
            }
            
        }
		// 主页的跳转
        ,{
            "path" : "pages/rankTotal/rankTotal",
            "style" :                                                                                    
            {
                "navigationBarTitleText": "排行榜"
            }
            
        }
        ,{
            "path" : "pages/action/action",
            "style" :                                                                                    
            {
                "navigationBarTitleText": "开始运动",
                "enablePullDownRefresh": false
            }
            
        }
        
        ,{
            "path" : "pages/friends/friends",
            "style" :                                                                                    
            {
                "navigationBarTitleText": "好友",
                "enablePullDownRefresh": false
            }
            
        }
        ,{
            "path" : "pages/GDMap/GDMap",
            "style" :                                                                                    
            {
                "navigationBarTitleText": "高德地图支持",
                "enablePullDownRefresh": false
            }
            
        }
    ],
	
	"globalStyle": {
		"navigationBarTextStyle": "white",
		"navigationBarTitleText": "uni-app",
		"navigationBarBackgroundColor": "#282C35",
		"backgroundColor": "#F8F8F8"
	},
	"tabBar": {
		"backgroundColor": "#282C35",
		"color": "#FFFFFF",
		"selectedColor": "#F9DE00",
		"list": [
			{
				"iconPath": "./static/navagationIcon/home.png",
				"selectedIconPath": "./static/navagationIcon/HomeAct.png",
				"pagePath": "pages/Mainpage/Mainpage",
				"text": "首页"
			},
			{	"iconPath": "./static/navagationIcon/Adv.png",
			"selectedIconPath": "./static/navagationIcon/AdvAct.png",
				"pagePath": "pages/adventure/adventure",
				"text": "活动"
			},
			{
				"iconPath": "./static/navagationIcon/Mine.png",
				"selectedIconPath": "./static/navagationIcon/MineAct.png",
				"pagePath": "pages/user/user",
				"text": "我的"
			},
			{
				"iconPath": "./static/navagationIcon/friend.png",
				"selectedIconPath": "./static/navagationIcon/friendAct.png",
				"pagePath": "pages/friends/friends",
				"text": "好友"
			}
		]
	},
	"condition" : { //模式配置，仅开发期间生效
		"current": 4, //当前激活的模式(list 的索引项)
		"list": [
			{
				"name": "mainPage", //模式名称
				"path": "pages/Mainpage/Mainpage", //启动页面，必选
				"query": "" //启动参数，在页面的onLoad函数里面得到
			},
			{
				"name": "rankTotal", //模式名称
				"path": "pages/rankTotal/rankTotal", //启动页面，必选
				"query": "" //启动参数，在页面的onLoad函数里面得到
			},
			{
				"name": "action", //模式名称
				"path":  "pages/action/action",//启动页面，必选
				"query": "" //启动参数，在页面的onLoad函数里面得到
			},
			{
				"name":"adventure",
				"path": "pages/adventure/adventure",
				"query": ""
			},
			{
				"name":"mine",
				"path": "pages/user/user",
				"query": ""
			},
			{
				"name":"friend",
				"path": "pages/friends/friends"
			},
			{	"name": "GDMap",
				
				"path": "pages/GDMap/GDMap"
			}
		]
	}
}
