{
	"bsonType": "object",
	"required": [],
	"permission": {
		"read": true,
		"create": true,
		"update": true,
		"delete": true
	},
	"properties": {
		"_id": {
			"description": "ID，系统自动生成"
		},
		"name":{
			"title": "总路程",
			"baseType":"string"
		},
		"sum":{
			"title": "总路程",
			"baseType":"number"
		},
		"time":{
			"title": "总时间",
			"baseType":"number"
		},
		"cost":{
			"title": "总消耗",
			"baseType":"number"
		}
	}
}
// this.res =JSON.stringify({
// 					sum:_this.sum,//总路程
// 					time:_this.times,
// 					cost:_this.cost,
// 				}) 